{
  "$schema": "https://raw.githubusercontent.com/grafana/grafana/master/docs/sources/developers/plugins/plugin.schema.json",
  "type": "datasource",
  "name": "Mezmo Datasource",
  "id": "sdague-mezmo-datasource",
  "metrics": true,
  "logs": true,
  "info": {
    "description": "Datasource for the mezmo log service",
    "author": {
      "name": "Sdague"
    },
    "keywords": ["datasource"],
    "logos": {
      "small": "img/logo.svg",
      "large": "img/logo.svg"
    },
    "links": [],
    "screenshots": [],
    "version": "1.0.3",
    "updated": "2024-10-17"
  },
  "dependencies": {
    "grafanaDependency": ">=9.5.3",
    "plugins": []
  },
  "routes": [
    {
      "path": "example",
      "url": "{{ .JsonData.endpoint }}",
      "headers": [
        {
          "name": "servicekey",
          "content": "{{ .SecureJsonData.apiKey }}"
          }
      ]
    }
  ]
}
